title,topic,author,link
Los ayuntamientos proponen multas de 200 euros a los conductores que incumplan las Zonas de Bajas Emisiones,Alicante,C. Pascual,https://www.informacion.es/alicante/2023/03/09/ayuntamientos-proponen-multas-zona-bajas-emisiones-84396017.html
El turismo alemán crecerá un 50% con 2.000 vuelos que traerán 365.000 viajeros a la Costa Blanca,Alicante,J. A. Martínez,https://www.informacion.es/alicante/2023/03/09/patronato-turismo-anuncia-2-000-84362414.html
Iceta: “Mientras los técnicos desaconsejen el traslado de la Dama de Elche este ministro no lo va a hacer”,Cultura,Cristina Martínez,https://www.informacion.es/cultura/2023/03/09/iceta-tecnicos-desaconsejen-traslado-dama-84359492.html
Nuevo tirón de orejas del Síndic a Igualdad por negar la renta de inclusión reuniendo los requisitos,Política,Borja Campoy,https://www.informacion.es/politica/2023/03/09/sindic-denuncia-igualdad-desoye-recomendaciones-84371531.html
Banco Sabadell refuerza la apuesta por su centro tecnológico de Alicante con un consejo de sabios,Economía,M. Vilaplana,https://www.informacion.es/economia/2023/03/09/banco-sabadell-refuerza-apuesta-centro-84405661.html
Un recurso bloquea el plan de la CHS para usar parte de la Vega Baja como desagüe del Segura,Vega Baja,D. Pamies,https://www.informacion.es/vega-baja/2023/03/09/recurso-bloquea-plan-chs-parte-84396300.html
Ser taxista en Alicante puede costar 130.000€,Alicante,Alejandro J. Fuentes,https://www.informacion.es/alicante/2023/03/09/licencias-taxi-disparan-usuarios-piden-84375524.html
Frenar el acoso escolar: Elche quiere que los padres también se sensibilicen,Elche,J. R. Esquinas,https://www.informacion.es/elche/2023/03/09/frenar-acoso-escolar-elche-quiere-84370222.html
El castillo festero de Alcoy empieza a dejarse ver,Alcoy,Antonio Teruel,https://www.informacion.es/alcoy/2023/03/09/castillo-festero-alcoy-empieza-dejarse-84394782.html
La Biblioteca Virtual Miguel de Cervantes acerca la obra de Hernández y Machado al mundo,Cultura,África Prado,https://www.informacion.es/cultura/2023/03/09/biblioteca-virtual-miguel-cervantes-acerca-84388751.html
Uno de los fallecidos en la mina de Súria era de Almoradí,Vega Baja,Loreto Mármol,https://www.informacion.es/vega-baja/2023/03/09/fallecidos-mina-suria-almoradi-84404589.html
"Mario Picazo lanza una ""bomba"" en su última predicción del tiempo: ""Llega al sudeste peninsular""",Sociedad,Esteban Joaquín Mojica,https://www.informacion.es/sociedad/2023/03/09/mario-picazo-lanza-bomba-dv-84389102.html
"“Nos educan para prevenir embarazos, pero no nos explican lo que implica retrasar la maternidad”",,,https://www.informacion.es/sociedad/2023/03/07/educan-prevenir-embarazos-explican-implica-84237432.html
El Consell ultima un acuerdo con los supermercados para frenar el impacto de los precios en la cesta de la compra,Política,Borja Campoy,https://www.informacion.es/politica/2023/03/09/puig-anuncia-acuerdo-supermercados-frenar-84377352.html
Andrés Navarro dimite como secretario general del PSOE de Torrevieja,Vega Baja,D. Pamies,https://www.informacion.es/vega-baja/2023/03/09/andres-navarro-dimite-secretario-general-torrevieja-84404449.html
Condenado en Alicante a seis años de cárcel por abusar de la nieta de su pareja durante 7 años,Tribunales,P. Cerrada,https://www.informacion.es/sucesos/tribunales/2023/03/09/condenado-alicante-seis-anos-carcel-84398320.html
Espectacular imagen de varios delfines saltando sobre el mar frente a la playa de Benidorm,Benidorm,Aitor Soler,https://www.informacion.es/benidorm/2023/03/09/espectacular-imagen-delfines-saltando-mar-84403048.html
Por qué 9 de cada 10 personas que padecen un TCA como la bulimia o la anorexia son mujeres,,Xavi Pareja,https://www.informacion.es/alicante/2023/03/08/personas-mujeres-padecen-tca-84174415.html
Tamames y su postura sobre el aborto se cuelan en la Asamblea como nueva bala de Ayuso contra Vox,Nacional,Elena Marín,https://www.informacion.es/nacional/2023/03/09/tamames-postura-aborto-cuelan-asamblea-84402814.html
Dos detenidos acusados de cuatro homicidios por tirar al mar a varios inmigrantes desde una lancha en Ceuta,Nacional,EFE,https://www.informacion.es/nacional/2023/03/09/detenidos-acusados-cuatro-homicidios-tirar-84400603.html
La misión de la Eurocámara sobre Pegasus desembarcará en Madrid en dos semanas,Nacional,Silvia Martinez,https://www.informacion.es/nacional/2023/03/09/mision-eurocamara-pegasus-desembarcara-madrid-84399867.html
Biden presenta unos presupuestos con aires de mensaje de reelección,Internacional,Idoya Noain,https://www.informacion.es/internacional/2023/03/09/biden-presenta-presupuestos-aires-mensaje-84399660.html
Asuntos Internos de la Guardia Civil pidió al juez interrogar sobre corrupción a jefes de 13 comandancias,Nacional,"Juan José Fernández, Roberto Bécares, Tono Calleja",https://www.informacion.es/nacional/2023/03/09/asuntos-internos-guardia-civil-pidio-84398414.html
Aire para el PSOE,,Juan R. Gil,https://www.informacion.es/opinion/2023/03/07/aire-psoe-84256655.html
Demasiados funcionarios,,Antonio Sempere,https://www.informacion.es/opinion/2023/03/09/funcionarios-84307778.html
En nombre de Ucrania,,Serhii Pohoreltsev,https://www.informacion.es/opinion/2023/03/09/nombre-ucrania-84326590.html
La vida com un vol: en record de Maria,,Carles Cortés,https://www.informacion.es/opinion/2023/03/09/vida-com-vol-record-maria-84321460.html
La sorprendente oferta de empleo que acaba de lanzar Leroy Merlín en Alicante: estas son las condiciones,Economía,Eneko López Rico,https://www.informacion.es/economia/2023/03/09/oferta-trabajo-leroy-merlin-dv-84364006.html
Piden a las farmacias que dejen de venderlos: revisa si los tienes en casa,Sociedad,Esteban Joaquín Mojica,https://www.informacion.es/sociedad/2023/03/09/test-antigenos-contaminados-dv-84354822.html
La reacción de una profesora de Alicante al corregir los deberes que han hecho sus alumnos,BuZZeando,Aitor Soler,https://www.informacion.es/buzzeando/2023/03/08/reaccion-profesora-alicante-deberes-alumnos-84259183.html
Ayudas compatibles con el Ingreso Mínimo Vital: estas son las que puedes pedir,Finanzas Personales,Eneko López Rico,https://www.informacion.es/finanzas-personales/2023/03/05/ayudas-compatibles-ingreso-minimo-vital-dv-83995878.html
Tití le preguntó si tenía muchas novias y ahora tiene una que nadie esperaba: el nuevo amor de Bad Bunny,Gente,Javier Corazón,https://www.informacion.es/vida-y-estilo/gente/2023/03/09/titi-le-pregunto-tenia-novias-84389346.html
¿Quieres vivir una auténtica experiencia medieval? No te pierdas este fin de semana las Fiestas del Medievo de Villena,,Estefanía P. Jaime,https://www.informacion.es/elda/2023/03/08/fiestas-medievo-vuelven-villena-10-12-marzo-84269466.html
Muere una joven de 17 años alérgica a la leche tras tomarse un café,Sociedad,"Redacción, agencias",https://www.informacion.es/sociedad/2023/03/09/muere-joven-17-anos-alergica-84380091.html
Esto es lo que Ryanair quiere cobrarte ahora,Sociedad,Patricia Páramo,https://www.informacion.es/sociedad/2023/03/09/ryanair-cobrara-aseo-avion-dv-84353287.html
Gafas progresivas: así es como puedes volver a ver bien de cerca,,Rosa Díez,https://www.informacion.es/sociedad/2023/03/08/gafas-progresivas-puedes-volver-ver-84221860.html
¿De qué está hecho un Oscar?,Cine,P. T.,https://www.informacion.es/ocio/cine/2023/03/09/materiales-estatuilla-hecho-oscar-84344973.html
Actores con más premios Oscars de la historia,Cine,P. T.,https://www.informacion.es/ocio/cine/2023/03/08/actores-mas-premios-oscars-historia-84264542.html
‘Women Talking’: la fuerza de hablar entre nosotras,Opinión,Carmen Tomàs,https://www.informacion.es/opinion/2023/03/07/women-talking-critica-sarah-polley-rooney-mara-84225989.html
"Jamie Lee Curtis, nominada, no acudirá a la cena de los Oscar porque se acuesta pronto",Cine,EFE,https://www.informacion.es/ocio/cine/2023/03/07/jamie-lee-curtis-asistira-cena-84214422.html
¿Quién actuará en la gala de los Premios Oscars 2023?,Cine,P. T.,https://www.informacion.es/ocio/cine/2023/03/07/actuaciones-gala-premios-oscars-2023-84211189.html
El fútbol y la infancia:  los pasos de la RFEF para prevenir la violencia en menores,Deportes,,https://www.informacion.eshttps://www.informacion.es/ideas/el-futbol/futbol-infancia.html
El aumento en un 40% del valor de la Copa del Rey  o por qué no depende de un Real Madrid – Barcelona,Deportes,,https://www.informacion.eshttps://www.informacion.es/ideas/el-futbol/exito-Copa-del-Rey.html
Dudas arriba y abajo para Machín,Elche CF,V. L. Deltell,https://www.informacion.es/elche-cf/2023/03/09/dudas-abajo-machin-84405390.html
El Hércules viaja en cuadro a Ibiza,Hércules CF,César Hernández,https://www.informacion.es/hercules-cf/2023/03/09/hercules-viaja-cuadro-ibiza-84395595.html
El Barça visita San Mamés y el Real Madrid recibe al Espanyol en una nueva jornada de LaLiga,Deportes,EFE,https://www.informacion.es/deportes/2023/03/09/barca-visita-san-mames-real-84407642.html
La Real Sociedad se complica su futuro europeo al caer en su visita a la Roma,Deportes,EFE,https://www.informacion.es/deportes/2023/03/09/real-sociedad-complica-futuro-europeo-84403414.html
El Villarreal empata en el campo del Anderlecht y se deja los deberes para la vuelta,Deportes,EFE,https://www.informacion.es/deportes/2023/03/09/villarreal-empata-campo-anderlecht-deja-84402879.html
Mujeres influyentes de la provincia de Alicante,,,https://www.informacion.es/8m-las-mujeres-influyentes-de-la-provincia/2023/03/07/mujeres-influyentes-provincia-alicante-84153748.html
«Una mujer empoderada es la que tiene la capacidad de elegir libremente»,,Miriam Vázquez,https://www.informacion.es/8m-las-mujeres-influyentes-de-la-provincia/2023/03/07/mujer-empoderada-capacidad-elegir-libremente-84111145.html
En Mercadona la igualdad es inherente a su modelo empresarial,,Miriam Vázquez,https://www.informacion.es/8m-las-mujeres-influyentes-de-la-provincia/2023/03/07/mercadona-igualdad-inherente-modelo-empresarial-84233934.html
"Asociación de Empresarias, Profesionales y Directivas de la provincia de Alicante",,,https://www.informacion.es/8m-las-mujeres-influyentes-de-la-provincia/2023/03/07/asociacion-empresarias-profesionales-directivas-provincia-84242996.html
Bruselas retrasa el plazo para revisar la fusión Orange-MásMóvil hasta el 3 de abril,Activos,Celia López,https://www.informacion.eshttps://www.epe.es/es/activos/20230308/bruselas-vuelve-retrasar-plazo-revisar-84267472
"""He tenido que aguantar que siempre se me pidiera a mí tomar notas por defecto""",Activos,Pedro Pérez,https://www.informacion.eshttps://www.epe.es/es/activos/20230307/he-tenido-aguantar-pedia-notas-84245782
"La salida de Mataix golpea el valor bursátil de Indra, que cae un 7%",Activos,Celia López,https://www.informacion.eshttps://www.epe.es/es/activos/20230307/salida-mataix-golpea-bursatil-indra-84214109
Críticas de La Unió al rechazar Industria equipar las ITV móviles para grandes tractores,Economía,M. Vilaplana,https://www.informacion.es/economia/2023/03/09/criticas-unio-rechazar-industria-equipar-84404603.html
El Congreso sopesa penalizar a los bancos con más fallos en contra del Defensor del Cliente,Economía,Pablo Allendesalazar,https://www.informacion.es/economia/2023/03/09/congreso-sopesa-penalizar-bancos-fallos-84405091.html
La alerta de la OCU para los jubilados y pensionistas,Finanzas Personales,Eneko López Rico,https://www.informacion.es/finanzas-personales/2023/03/09/pensiones-2023-alerta-ocu-jubilados-pensionistas-dv-83281467.html
Estos 5 motivos pueden hacerte perder la pensión de viudedad,Finanzas Personales,Eneko López Rico,https://www.informacion.es/finanzas-personales/2023/03/09/motivos-perder-pension-viudedad-2023-dv-83282743.html
La alerta de la Seguridad a los pensionistas para no perder al pensión,Finanzas Personales,Eneko López Rico,https://www.informacion.es/finanzas-personales/2023/03/09/alerta-seguridad-social-quitar-pension-dv-84049839.html
"The Boss Burgers, la hamburguesería de Elche que comenzó con 400 euros y que ya es todo un éxito",,Lola Pérez,https://www.informacion.es/ocio/gastronomia/2023/02/23/the-boss-burgers-hamburgueseria-elche-83464592.html
"Singapore Garden, un equilibrio perfecto entre tradición e innovación",,Mar Vives,https://www.informacion.es/ocio/gastronomia/2023/02/23/singapore-garden-cocina-asiatica-83470512.html
"Comer en el trabajo de la forma más exclusiva, toda una experiencia en el restaurante Selecte",,Mar Vives,https://www.informacion.es/ocio/gastronomia/2023/02/23/comer-trabajo-exclusiva-experiencia-selecte-83505161.html
Prueba la exclusiva «pinsa» italiana de Borgo Mare solo para llevar: Directa a tu casa,,Mar Vives,https://www.informacion.es/ocio/gastronomia/2023/02/23/prueba-pinsa-italiana-borgo-mare-a-domicilio-83426067.html
Nueva tienda de Lefties en Barcelona: la experiencia de ir de compras elevada a otro nivel,,,https://www.informacion.eshttps://woman.elperiodico.com/moda/2023/03/08/nueva-tienda-lefties-barcelona-experiencia-84216460
Diversidad del talento para dar respuesta a la transformación digital,,,https://www.informacion.eshttps://www.informacion.es/ideas/Telefonica-dia-de-la-mujer-2023/index.html
El transbordo gratuito en el bus urbano: una opción ahora con más posibilidades,Barrios de Alicante,P. B.,https://www.informacion.es/barrios-de-alicante/2023/03/04/transbordo-gratuito-bus-urbano-opcion-84113488.html
El Ayuntamiento proyecta un pabellón polideportivo junto al campo de fútbol de Tómbola,Barrios de Alicante,R. B.,https://www.informacion.es/barrios-de-alicante/2023/03/04/ayuntamiento-proyecta-pabellon-polideportivo-campo-84113518.html
El plan de asfaltado avanza en seis partidas rurales para mejorarla movilidad,Barrios de Alicante,R. B.,https://www.informacion.es/barrios-de-alicante/2023/03/04/plan-asfaltado-avanza-seis-partidas-84113530.html
Nuevos policías locales para reforzar la unidad de Barrios,Barrios de Alicante,R. B.,https://www.informacion.es/barrios-de-alicante/2023/03/04/nuevos-policias-locales-reforzar-unidad-84113527.html
El Campello aplaude la declaración como Bien de Interés Cultural Inmaterial a las rondallas y orquestas de pulso y púa de la Comunidad,La Crónica de L'Alacantí,Victoria Mora,https://www.informacion.es/la-cronica-de-alacanti/2023/03/08/campello-aplaude-declaracion-interes-cultural-84313978.html
Xixona cede a la asociación de heladeros la parcela para el Centro de Investigación del Helado Artesano,La Crónica de L'Alacantí,Victoria Mora,https://www.informacion.es/la-cronica-de-alacanti/2023/03/08/xixona-cede-asociacion-heladeros-parcela-84312890.html
Los ficus afectados por las obras en el hospital se trasplantan al municipio de Sant Joan,La Crónica de L'Alacantí,J. Hernández,https://www.informacion.es/la-cronica-de-alacanti/2023/03/08/ficus-afectados-obras-hospital-trasplantan-84270448.html
Voluntarios y enfermeras del Centro de Salud enseñan a los mayores de Mutxamel a usar el móvil para gestionar sus citas,La Crónica de L'Alacantí,Victoria Mora,https://www.informacion.es/la-cronica-de-alacanti/2023/02/28/voluntarios-enfermeras-centro-salud-ensenan-83912969.html
Sant Joan retoma su concurso de tapas para promocionar la hostelería y el turismo gastronómico,La Crónica de L'Alacantí,Victoria Mora,https://www.informacion.es/la-cronica-de-alacanti/2023/02/27/sant-joan-tapas-83837670.html
"Finalista Premios Pueblo del Año: Santa Pola, un municipio de tradición pesquera",,Miriam Vázquez,https://www.informacion.es/baix-vinalopo/2023/03/08/finalista-premios-pueblo-santa-pola-84294564.html
"Finalista Premios Pueblo del Año: Relleu, un municipio natural y más tecnológico",,Miriam Vázquez,https://www.informacion.es/benidorm/2023/03/08/finalista-premios-pueblo-relleu-tecnologico-84293207.html
Premios Pueblo del Año 2023: ya puedes votar a tu municipio de Alicante favorito,,Miriam Vázquez,https://www.informacion.es/alicante/2023/03/07/premios-pueblo-2023-municipio-alicante-84214669.html
"Finalista Pueblo del Año: Villena es cultura popular, artística y académica",,Miriam Vázquez,https://www.informacion.es/elda/2023/03/05/finalista-pueblo-villena-cultura-84063751.html
"Niña de Ciudad Real: Las proteínas de la leche pueden ser mortales, pero no existe alergia a la lactosa",Guías de Salud,Rafa Sardiña,https://www.informacion.es/salud/guia/2023/03/09/existe-alergia-lactosa-proteinas-leche-vaca-84400252.html
El ingrediente secreto para ganar músculo que muy pocos conocen,Fitness,Azucena Mendieta Delgado,https://www.informacion.es/salud/fitness/2023/03/09/mijo-ganar-musculo-dv-79589741.html
El increíble descubrimiento para perder grasa sin esfuerzo,Salud,Azucena Mendieta Delgado,https://www.informacion.es/salud/2023/03/09/musculo-secreto-quemar-grasa-dv-79585911.html
Si vas a operarte el pecho resuelve las 8 preguntas más frecuentes,,Estefanía P. Jaime,https://www.informacion.es/salud/2023/02/26/8-preguntas-frecuentes-cirugia-pecho-83275818.html
"El CITOP organiza formaciones para los profesionales de la construcción, de la ingeniería y de la arquitectura",Economía,Mar Vives,https://www.informacion.es/economia/2023/03/02/citop-organiza-formaciones-profesionales-construccion-84003771.html
Nuevo centro de investigación biomédica en Alicante dirigido a colectivos vulnerables,,Estefanía P. Jaime,https://www.informacion.es/alicante/2023/02/28/alicante-estrena-centro-investigacion-biomedica-fundacion-medac-83808143.html
Quirónsalud Alicante refuerza su servicio de traumatología con la incorporación de un nuevo equipo especializado en cirugía artroscópica avanzada,,Lola Pérez,https://www.informacion.es/salud/2023/03/08/quironsalud-alicante-refuerza-servicio-traumatologia-84282795.html
¿Dónde están las pancartas de protesta en la escuela infantil Els Xiquets?,Alicante,C. Pascual,https://www.informacion.es/alicante/2023/03/09/alicante-pancartas-protesta-escuela-infantil-84401828.html
Más de un millar de letrados judiciales reclaman a Justicia que retome las negociaciones,Tribunales,INFORMACIÓN,https://www.informacion.es/sucesos/tribunales/2023/03/09/millar-letrados-judiciales-reclaman-justicia-84399882.html
"Cuatro entidades de Alicante, Elche, Benidorm y Alcoy se suman al Consell Valencià LGTBI",Alicante,J. Hernández,https://www.informacion.es/alicante/2023/03/09/cuatro-entidades-alicante-elche-benidorm-84398737.html
El interventor refuerza la fiscalización ante la falta de Presupuesto en Alicante,Alicante,C. Pascual,https://www.informacion.es/alicante/2023/03/09/interventor-refuerza-fiscalizacion-falta-presupuesto-alicante-84393453.html
Médicos de Familia consideran que las mejoras acordadas con Sanidad son insuficientes,Alicante,J. Hernández,https://www.informacion.es/alicante/2023/03/09/medicos-familia-consideran-mejoras-acordadas-84391276.html
El Ayuntamiento convocará solo 26 plazas que no están afectadas por la sentencia,Elche,A. Fajardo,https://www.informacion.es/elche/2023/03/09/ayuntamiento-elche-convocara-26-plazas-84395780.html
Innovación para el calzado: Palmeras y naranjas para caminar,Economía,Rubén Míguez,https://www.informacion.es/economia/2023/03/09/innovacion-calzado-palmeras-naranjas-caminar-84400461.html
¿Sabes qué país es el tercero en turistas que vienen a Elche?,Elche,M. Alarcón,https://www.informacion.es/elche/2023/03/09/visitelche-acude-feria-itb-berlin-84394564.html
Las obras de alcantarillado en la calle Federico García Lorca se aceleran,Elche,M. Alarcón,https://www.informacion.es/elche/2023/03/09/obras-alcantarillado-federico-garcia-lorca-84394173.html
Jardín en San Antón para una activista LGTBIQ+,Elche,M. Alarcón,https://www.informacion.es/elche/2023/03/09/jardin-san-anton-activista-lgtbiq-84393683.html
La Generalitat paraliza la obra de reforma del alcantarillado en Callosa de Segura al carecer de estudio arqueológico,Vega Baja,D. Pamies,https://www.informacion.es/vega-baja/2023/03/09/generalitat-paraliza-reforma-alcantarillado-callosa-de-segura-84407466.html
"Callosa de Segura, un pueblo agrícola",,Miriam Vázquez,https://www.informacion.es/vega-baja/2023/03/09/callosa-segura-pueblo-agricola-84382303.html
Torrevieja acota en La Mata un espacio para el chorlitejo patinegro,Vega Baja,Loreto Mármol,https://www.informacion.es/vega-baja/2023/03/09/torrevieja-acota-mata-espacio-chorlitejo-84400430.html
San Isidro construye un tanque de tormentas para reducir inundaciones,Vega Baja,Loreto Mármol,https://www.informacion.es/vega-baja/2023/03/09/san-isidro-construye-tanque-tormentas-84382554.html
Orihuela amplía a 11 las aulas para niños de 2 a 3 años el próximo curso,Vega Baja,Loreto Mármol,https://www.informacion.es/vega-baja/2023/03/09/orihuela-amplia-11-aulas-ninos-84382651.html
El Grupo Internacional UR celebra miles de sueños cumplidos en su 40 aniversario,,Lola Pérez,https://www.informacion.es/salud/2023/02/24/grupo-ur-vistahermosa-reproduccion-83471116.html
In Vitam: Las técnicas más innovadoras en reproducción asistida,,Lola Pérez,https://www.informacion.es/salud/2023/02/24/in-vitam-tecnicas-innovadoras-reproduccion-83465101.html
"«Cada vez son más mujeres jóvenes las que eligen congelar sus ovocitos. Ahora no quieren ser madres, pero sí en un futuro»",,Lola Pérez,https://www.informacion.es/salud/2023/02/24/mujeres-jovenes-congelar-ovocitos-83460822.html
Extremadura aprueba una ley para eludir la sentencia de derribo de Valdecañas,Medio Ambiente,Redacción/Efe,https://www.informacion.es/medio-ambiente/2023/03/09/extremadura-aprueba-ley-eludir-sentencia-84394682.html
¿Sabías que cada higo que comemos tiene una avispa dentro?,Medio Ambiente,Joan Lluís Ferrer,https://www.informacion.es/medio-ambiente/2023/03/09/sabias-higo-comemos-avispa-77308990.html
Benidorm prevé crear dunas artificiales para proteger del cambio climático sus playas,Benidorm,R. Pagés,https://www.informacion.es/benidorm/2023/03/09/benidorm-preve-crear-dunas-artificiales-84397158.html
"Benidorm busca nuevos hallazgos en el ""castellum"" romano del Tossal",Benidorm,R. Pagés,https://www.informacion.es/benidorm/2023/03/09/benidorm-busca-nuevos-hallazgos-castellum-84381998.html
Soles Repsol: Menú de lujo con vistas al mar por 50 euros,Benidorm,José Andrés Cruz Roca,https://www.informacion.es/benidorm/2023/03/09/soles-repsol-menu-lujo-dv-84232976.html
"Benidorm contará la historia de los ""Guardianes del Mar"" de la Torre de Les Caletes",Benidorm,A. Vicente,https://www.informacion.es/benidorm/2023/03/09/benidorm-contara-historia-guardianes-mar-84382386.html
"Benidorm, 16 de marzo: estos son los actos del 283 aniversario del hallazgo de la patrona",Benidorm,A. Vicente,https://www.informacion.es/benidorm/2023/03/09/benidorm-16-marzo-son-actos-84380368.html
Prepárate para recibir el buen tiempo con una estupenda barbacoa,,Belen Parrilla,https://www.informacion.eshttps://www.compramejor.es/accesorios-barbacoa-amazon/
Estos auriculares inalámbricos JBL TUNE están a mitad de precio por tiempo limitado,,Belen Parrilla,https://www.informacion.eshttps://www.compramejor.es/auriculares-inalambricos-jbl-tune-oferta-amazon/
La Audiencia de Madrid rechaza que el asesino de Juana Canal la matara accidentalmente,Caso Abierto,Tamara Morillo,https://www.informacion.es/sucesos/2023/03/09/audiencia-madrid-rechaza-asesino-juana-84398289.html
Detenidos los padres de una menor en Córdoba por maltrato infantil,Caso Abierto,Manuel Á. Larrea,https://www.informacion.es/sucesos/2023/03/09/detenidos-padres-menor-cordoba-maltrato-84396377.html
La lancha de Cruz Roja robada en Santa Pola fue perseguida por Aduanas de Almería a Cádiz,Sucesos en Alicante,P. Cerrada,https://www.informacion.es/sucesos/sucesos-en-alicante/2023/03/09/lancha-cruz-roja-robada-santa-84391288.html
La juez archiva el caso de los chats que dinamitó al PSOE de San Vicente,L'Alacantí,J. A. Rico,https://www.informacion.es/alacanti/2023/03/09/juez-archiva-caso-chats-ediles-84369641.html
Impactante: la cruel muerte de uno de los asesinos más famosos de Brasil,Caso Abierto,Mercedes Alfaro Rueda,https://www.informacion.es/sucesos/2023/03/09/pedrinho-matador-mayor-asesino-brasil-84228690.html
 Las ciudades inteligentes se alían para situar a las personas en el centro de su gestión y su actividad diarias ,,,https://www.informacion.es https://www.i-talks.com/las-ciudades-inteligentes-se-alian-para-situar-a-las-personas-en-el-centro-de-su-gestion-y-su-actividad-diarias/ 
 «Los objetivos en la gestión del agua deben marcarse conjuntamente» ,,,https://www.informacion.es https://www.i-talks.com/los-objetivos-en-la-gestion-del-agua-deben-marcarse-conjuntamente/ 
 «En 15 años de Smart Cities jamás había visto algo así» ,,,https://www.informacion.es https://www.i-talks.com/en-15-anos-de-smart-cities-jamas-habia-visto-algo-asi/ 
 «La idea es combinar los coches eléctricos y los autónomos» ,,,https://www.informacion.es https://www.i-talks.com/la-idea-es-combinar-los-coches-electricos-y-los-autonomos/ 
"ID. Buzz: estilo retro, corazón eléctrico",,,https://www.informacion.eshttps://neomotor.epe.es/coches/id-buzz-estilo-retro-corazon-electrico-FK1185351
Estas son las prohibiciones de la línea amarilla,,,https://www.informacion.eshttps://neomotor.epe.es/conduccion/estas-son-las-prohibiciones-de-la-linea-amarilla-XJ865563
Ford Puma ST Powershift: mucha potencia y bajo consumo,,,https://www.informacion.eshttps://neomotor.epe.es/coches/ford-puma-st-powershift-mucha-potencia-y-bajo-consumo-FK1185153
Un libro y un documental en recuerdo de Manzanares,Cultura,INFORMACIÓN,https://www.informacion.es/cultura/2023/03/09/libro-documental-recuerdo-manzanares-84405988.html
"Armisticio después de ""la tormenta"" en la RAE sobre la tilde de 'solo'",Cultura,Juan Cruz,https://www.informacion.es/cultura/2023/03/09/armisticio-despues-tormenta-rae-tilde-84403772.html
"Manuel Vilas: ""Los lectores somos muy voyeurs""",Cultura,Cristina Martínez,https://www.informacion.es/cultura/2023/03/09/manuel-vilas-alicante-veladas-literarias-premio-nadal-84317244.html
El Instituto Gil-Albert inicia un ciclo sobre coleccionismo y patrimonio en la provincia,Cultura,INFORMACIÓN,https://www.informacion.es/cultura/2023/03/09/instituto-gil-albert-inicia-ciclo-84400337.html
"Colson Whitehead: ""La violencia racial en EEUU no es patrimonio exclusivo de la policía""",Cultura,Ramón Vendrell,https://www.informacion.es/cultura/2023/03/09/colson-whitehead-violencia-racial-eeuu-84393743.html
La serie deportiva 'Monster Energy Supercross 6' arranca motores,Videojuegos,Elric Ruiz - Elsotanoperdido.com,https://www.informacion.es/vida-y-estilo/tecnologia/videojuegos/2023/03/09/serie-deportiva-monster-energy-supercross-84399440.html
La novedad de Lidl que amenaza a los cines,Tecnología,Claudia Rodrigo Roig,https://www.informacion.es/vida-y-estilo/tecnologia/2023/03/09/novedad-lidl-cines-mini-proyector-dv-84380802.html
Hospital Universitario del Vinalopó,Más Que Salud,,https://www.informacion.es/vida-y-estilo/salud/mas-que-salud/2023/01/21/hospital-universitario-vinalopo-81594588.html
La Navidad en las cocinas alrededor del mundo,Más Que Salud,,https://www.informacion.es/vida-y-estilo/salud/mas-que-salud/2023/01/21/navidad-cocinas-alrededor-mundo-81594808.html
Un nuevo enfoque en el tratamiento del cáncer de próstata,Más Que Salud,"Dr. Bartolomé Lloret, Urólogo del Hospital Vithas Medimar",https://www.informacion.es/vida-y-estilo/salud/mas-que-salud/2023/01/21/nuevo-enfoque-tratamiento-cancer-prostata-81594205.html
José López Gálvez: “ser madre en edad avanzada es hoy un sueño hecho realidad”,Más Que Salud,,https://www.informacion.es/vida-y-estilo/salud/mas-que-salud/2023/01/21/jose-lopez-galvez-madre-edad-81592481.html
Así es el nuevo tanque de tormentas del polígono La Granadina,Fotos de Vega Baja,Tony Sevilla,https://www.informacion.es/fotos/vega-baja/2023/03/09/nuevo-tanque-tormentas-poligono-granadina-84388327.html
Los equipos de rescate extraen los cuerpos de un geólogo y dos estudiantes en prácticas de la mina de Súria,Sucesos,Agencia ATLAS | Foto: EFE,https://www.informacion.es/videos/sucesos/2023/03/09/equipos-rescate-extraen-cuerpos-geologo-84406319.html
Tres personas fallecen en una mina de Súria,Sucesos,ZML,https://www.informacion.es/videos/sucesos/2023/03/09/tres-personas-fallecen-mina-suria-84399242.html
Tragedia en la mina de Súria,Sucesos,Agencia ATLAS | Foto: EFE,https://www.informacion.es/videos/sucesos/2023/03/09/tragedia-mina-suria-84397730.html
Así es el nuevo tanque de tormentas del polígono La Granadina,Vídeos de Vega Baja,Tony Sevilla,https://www.informacion.es/videos/vega-baja/2023/03/09/nuevo-tanque-tormentas-poligono-granadina-84389707.html
"La Subdelegación de Gobierno en Alicante celebra un 8M para ""romper cadenas""",Vídeos de Alicante,Jose Navarro,https://www.informacion.es/videos/alicante/2023/03/09/subdelegacion-gobierno-alicante-celebra-8m-84394849.html
Vox pide el cese de la secretaria de Estado de Igualdad por colgar un vídeo contra Santiago Abascal,Nacional,Agencia ATLAS | Foto: EFE,https://www.informacion.es/videos/nacional/2023/03/09/vox-pide-cese-secretaria-igualdad-84394478.html
La Biblioteca Virtual Miguel de Cervantes acerca la obra de Hernández y Machado al mundo,Vídeos de Alicante,Jose Navarro,https://www.informacion.es/videos/alicante/2023/03/09/biblioteca-virtual-miguel-cervantes-acerca-84394034.html
Tres muertos por un desprendimiento en una mina de Barcelona,Sucesos,Agencia ATLAS | Foto: EP,https://www.informacion.es/videos/sucesos/2023/03/09/tres-muertos-mina-barcelona-84393338.html
Interior cesa a un coronel de la Guardia Civil por adjudicaciones irregulares,Nacional,Agencia ATLAS | Foto: ANDRÉS GUTIÉRREZ TABERNE,https://www.informacion.es/videos/nacional/2023/03/09/interior-cesa-coronel-guardia-civil-84391991.html
Dos concejales de gobierno de Muro dejan el PP y presentarán su propia lista a las municipales,Vídeos de Alcoy,Juani Ruz,https://www.informacion.es/videos/alcoy/2023/03/09/concejales-gobierno-muro-dejan-pp-84390391.html
El Congreso aprueba la nueva Ley de Universidades,Sociedad,Agencia ATLAS,https://www.informacion.es/videos/sociedad/2023/03/09/congreso-aprueba-nueva-ley-universidades-84384518.html
Marlaska habla de “pérdida de confianza” en el jefe de la Guardia Civil de Santa Cruz de Tenerife cesado,Nacional,Agencia ATLAS / Foto: EP,https://www.informacion.es/videos/nacional/2023/03/09/marlaska-habla-perdida-confianza-jefe-84383182.html
La denuncia de VOX sobre la secretaria de Estado de Igualdad en la manifestación del 8M,Nacional,PI STUDIO,https://www.informacion.es/videos/nacional/2023/03/09/denuncia-vox-secretaria-igualdad-manifestacion-84371746.html
Tres heridos en una colisión múltiple en la AP-7 en La Vila Joiosa,Sucesos,INFORMACIÓN,https://www.informacion.es/videos/sucesos/2023/03/09/tres-heridos-colision-multiple-ap-84357152.html
Georgia retira la ‘ley rusa’ tras una turbulenta noche de protestas,Internacional,Agencia ATLAS / Foto: Reuters,https://www.informacion.es/videos/internacional/2023/03/09/georgia-retira-ley-rusa-turbulenta-84356336.html
